KEY,ORIGINAL ADDRESS,VALIDATION RESULT,SUGGESTED ADDRESS,VALID UNIT/STREET NUMBER AND ADDRESS,SIMILARITY RATIO,SIMILARITY LEVEL,SUGGESTED COORDINATES,SUGGESTED PLACE ID,SUGGESTED DPID,CONVERTED_BACK_TO_ORIGINAL_SYD_PAS_SPLIT,CONVERTED_BACK_TO_ORIGINAL_SF,CONVERTED_BACK_TO_ORIGINAL_CMDM,CONVERTED_BACK_TO_ORIGINAL_MINERVA,COLUMN NAME KEY,COLUMN NAME VALUE,GUID,NAMESPACE,SOURCE SYSTEM,SOURCE DATA,SOURCE METADATA,INSTANT MODE,API SERVICE,NOTE
CID3336916,78a Bangalow Road BYRON BAY NSW 2481 AUSTRALIA,Valid,"74-78 Bangalow Rd, Byron Bay NSW 2481, Australia",True,93,Identical,{-28.65775439999999: 153.6157582},ChIJESA1Y0VikGsRPA6nb7ztRjI,TBD,"{'address_line_1': '74-78 Bangalow Rd, Byron ', 'address_line_2': 'Bay N'}","{'street': ' 74-78  Bangalow Road', 'suburb': 'Byron Bay', 'city': 'Byron Shire', 'state': 'New South Wales', 'country': 'Australia', 'post_code': '2481'}","{'street number': '74-78', 'street': 'Bangalow Road', 'suburb': 'Byron Bay', 'state': 'New South Wales', 'country': 'Australia', 'post_code': '2481'}","{'line1': '74-78', 'line2': 'Bangalow Road', 'suburb': 'Byron Bay', 'state': 'New South Wales', 'country': 'Australia', 'post_code': '2481'}",['ID'],['id'],97e9b4c0-a397-4e2e-bd2e-7c5a2bd44553,myserver.address.sample,pas,data/address_sample_mockup.csv,metadata/address_sample_mockup.json,False,googlemaps,None
CID3336917,78b Bangalow Road BYRON BAY NSW 2481 New Zealand,Invalid,"74-78 Bangalow Rd, Byron Bay NSW 2481, Australia",True,79,"Similar, with some differences",{-28.65775439999999: 153.6157582},ChIJESA1Y0VikGsRPA6nb7ztRjI,TBD,"{'address_line_1': '74-78 Bangalow Rd, Byron ', 'address_line_2': 'Bay N'}","{'street': ' 74-78  Bangalow Road', 'suburb': 'Byron Bay', 'city': 'Byron Shire', 'state': 'New South Wales', 'country': 'Australia', 'post_code': '2481'}","{'street number': '74-78', 'street': 'Bangalow Road', 'suburb': 'Byron Bay', 'state': 'New South Wales', 'country': 'Australia', 'post_code': '2481'}","{'line1': '74-78', 'line2': 'Bangalow Road', 'suburb': 'Byron Bay', 'state': 'New South Wales', 'country': 'Australia', 'post_code': '2481'}",['ID'],['id'],ca521b98-f00a-4025-a83e-cea25233ed76,myserver.address.sample,pas,data/address_sample_mockup.csv,metadata/address_sample_mockup.json,False,googlemaps,None
CID6778252,116 Greville Street CHATSWOOD NSW 2067 AUSTRALIA,Valid,"116 Greville St, Chatswood NSW 2067, Australia",True,96,Identical,{-33.7955714: 151.1686772},ChIJj3ePaMuoEmsRB7uWNZjaOyA,TBD,"{'address_line_1': '116 Greville St,', 'address_line_2': 'Chatswood NSW 2067, Australia'}","{'street': ' 116  Greville Street', 'suburb': 'Chatswood', 'city': 'City of Willoughby', 'state': 'New South Wales', 'country': 'Australia', 'post_code': '2067'}","{'street number': '116', 'street': 'Greville Street', 'suburb': 'Chatswood', 'state': 'New South Wales', 'country': 'Australia', 'post_code': '2067'}","{'line1': '116', 'line2': 'Greville Street', 'suburb': 'Chatswood', 'state': 'New South Wales', 'country': 'Australia', 'post_code': '2067'}",['ID'],['id'],4415ba1b-2011-4bf5-8e67-bce97f264d25,myserver.address.sample,pas,data/address_sample_mockup.csv,metadata/address_sample_mockup.json,False,googlemaps,None
CID4258729,24 Atkins Way Eden Hill WA 6054 AUSTRALIA,Valid,"24 Atkins Way, Eden Hill WA 6054, Australia",True,100,Identical,{-31.8912354: 115.9427808},ChIJnYYvvKuwMioRAhH2Squt9Ng,TBD,"{'address_line_1': '24 Atkins Way, Eden Hill ', 'address_line_2': 'WA 60'}","{'street': ' 24  Atkins Way', 'suburb': 'Eden Hill', 'city': 'Town of Bassendean', 'state': 'Western Australia', 'country': 'Australia', 'post_code': '6054'}","{'street number': '24', 'street': 'Atkins Way', 'suburb': 'Eden Hill', 'state': 'Western Australia', 'country': 'Australia', 'post_code': '6054'}","{'line1': '24', 'line2': 'Atkins Way', 'suburb': 'Eden Hill', 'state': 'Western Australia', 'country': 'Australia', 'post_code': '6054'}",['ID'],['id'],1ea18d98-4cf0-4533-82db-16c7be345f59,myserver.address.sample,pas,data/address_sample_mockup.csv,metadata/address_sample_mockup.json,False,googlemaps,None
CID4676436,C/O Po Office Wilcania WILCANNIA NSW 2836 AUSTRALIA,Invalid,"Wilcannia NSW 2836, Australia",False,71,"Similar, with some differences",{-31.5589892: 143.378448},ChIJA5USFm0E-2oRQAFEkLQJBgQ,TBD,invalid_street_address,invalid_street_address,invalid_street_address,invalid_street_address,['ID'],['id'],2b513556-dcf7-41b2-b89e-574a08c4d67c,myserver.address.sample,pas,data/address_sample_mockup.csv,metadata/address_sample_mockup.json,False,googlemaps,None
CID4839817,33/31 Langport Parade Mudgeeraba QLD 4213 AUSTRALIA,Valid,"33/31 Langport Parade, Mudgeeraba QLD 4213, Australia",True,100,Identical,{-28.0902265: 153.3865162},ChIJ_xcC280ckWsRufTc4ipvN64,TBD,Invalid PAS CLIENT address: length [53] of single line is bigger than 50,"{'street': '33 31  Langport Parade', 'suburb': 'Mudgeeraba', 'city': 'City of Gold Coast', 'state': 'Queensland', 'country': 'Australia', 'post_code': '4213'}","{'street number': '31', 'street': 'Langport Parade', 'suburb': 'Mudgeeraba', 'state': 'Queensland', 'country': 'Australia', 'post_code': '4213'}","{'line1': '31', 'line2': 'Langport Parade', 'suburb': 'Mudgeeraba', 'state': 'Queensland', 'country': 'Australia', 'post_code': '4213'}",['ID'],['id'],651da97f-932e-4984-a65f-3d421912b9a0,myserver.address.sample,pas,data/address_sample_mockup.csv,metadata/address_sample_mockup.json,False,googlemaps,None
CID2492780,76 Old Street ASHFIELD NSW 2131 AUSTRALIA,Invalid,"Ashfield NSW 2131, Australia",False,79,"Similar, with some differences",{-33.8904917: 151.1254852},ChIJV0VtxZe6EmsREIu6P2t9ARw,TBD,invalid_street_address,invalid_street_address,invalid_street_address,invalid_street_address,['ID'],['id'],b8e9a7b7-287b-4b73-ac51-09904926bbb8,myserver.address.sample,pas,data/address_sample_mockup.csv,metadata/address_sample_mockup.json,False,googlemaps,None
CID6591322,277 Noble Avenue Greenacre NSW 2190 AUSTRALIA,Valid,"277 Noble Ave, Greenacre NSW 2190, Australia",True,97,Identical,{-33.8967764: 151.0546637},ChIJDXWMa4S7EmsRcp8cEdU4hIQ,TBD,"{'address_line_1': '277 Noble Ave, Greenacre ', 'address_line_2': 'NSW 2'}","{'street': ' 277  Noble Avenue', 'suburb': 'Greenacre', 'city': 'City of Canterbury-Bankstown', 'state': 'New South Wales', 'country': 'Australia', 'post_code': '2190'}","{'street number': '277', 'street': 'Noble Avenue', 'suburb': 'Greenacre', 'state': 'New South Wales', 'country': 'Australia', 'post_code': '2190'}","{'line1': '277', 'line2': 'Noble Avenue', 'suburb': 'Greenacre', 'state': 'New South Wales', 'country': 'Australia', 'post_code': '2190'}",['ID'],['id'],f6b4258a-8b84-44ef-810c-ca1b093b79bf,myserver.address.sample,pas,data/address_sample_mockup.csv,metadata/address_sample_mockup.json,False,googlemaps,None
CID2749008,9 Wills St NANANGO QLD 4615 AUSTRALIA,Valid,"9 Wills St W, Nanango QLD 4615, Australia",True,97,Identical,{-26.6770303: 151.9963904},ChIJ000adDGylWsRoiG3ILszLDU,TBD,"{'address_line_1': '9 Wills St W, Nanango QLD', 'address_line_2': '4615, Australia'}","{'street': ' 9  Wills Street West', 'suburb': 'Nanango', 'city': 'South Burnett Regional', 'state': 'Queensland', 'country': 'Australia', 'post_code': '4615'}","{'street number': '9', 'street': 'Wills Street West', 'suburb': 'Nanango', 'state': 'Queensland', 'country': 'Australia', 'post_code': '4615'}","{'line1': '9', 'line2': 'Wills Street West', 'suburb': 'Nanango', 'state': 'Queensland', 'country': 'Australia', 'post_code': '4615'}",['ID'],['id'],19b2e590-01ad-43d7-bd92-4fe7ca06edc1,myserver.address.sample,pas,data/address_sample_mockup.csv,metadata/address_sample_mockup.json,False,googlemaps,None
CID3239901,8/25 Sutherland Street Paddington NSW 2021 AUSTRALIA,Valid,"Unit 8/25 Sutherland St, Paddington NSW 2021, Australia",True,91,Identical,{-33.8827396: 151.2327652},ChIJzc8dMgiuEmsRJXqMRh4ampQ,TBD,Invalid PAS CLIENT address: length [55] of single line is bigger than 50,"{'street': 'Unit 8 25  Sutherland Street', 'suburb': 'Paddington', 'city': 'Woollahra Municipality', 'state': 'New South Wales', 'country': 'Australia', 'post_code': '2021'}","{'street number': '25', 'street': 'Sutherland Street', 'suburb': 'Paddington', 'state': 'New South Wales', 'country': 'Australia', 'post_code': '2021'}","{'line1': '25', 'line2': 'Sutherland Street', 'suburb': 'Paddington', 'state': 'New South Wales', 'country': 'Australia', 'post_code': '2021'}",['ID'],['id'],0c406f92-6837-402e-baa7-cd1c9e4e6520,myserver.address.sample,pas,data/address_sample_mockup.csv,metadata/address_sample_mockup.json,False,googlemaps,None
CID6993124,28 Merriton Ave ST MARYS SA 5042 AUSTRALIA,Valid,"28 Merriton Ave, Saint Marys SA 5042, Australia",True,97,Identical,{-35.0007578: 138.5800637},ChIJZyusCkDQsGoRbU1gfXU_bhc,TBD,"{'address_line_1': '28 Merriton Ave, Saint', 'address_line_2': 'Marys SA 5042, Australia'}","{'street': ' 28  Merriton Avenue', 'suburb': 'Saint Marys', 'city': 'City of Mitcham', 'state': 'South Australia', 'country': 'Australia', 'post_code': '5042'}","{'street number': '28', 'street': 'Merriton Avenue', 'suburb': 'Saint Marys', 'state': 'South Australia', 'country': 'Australia', 'post_code': '5042'}","{'line1': '28', 'line2': 'Merriton Avenue', 'suburb': 'Saint Marys', 'state': 'South Australia', 'country': 'Australia', 'post_code': '5042'}",['ID'],['id'],f1d5cde8-9e35-49c6-9acd-f1666b79dddf,myserver.address.sample,pas,data/address_sample_mockup.csv,metadata/address_sample_mockup.json,False,googlemaps,None
CID3861731,5 Hawkesworth Pl Cherrybrook NSW 2126 AUSTRALIA,Valid,"5 Hawkesworth Pl, Cherrybrook NSW 2126, Australia",True,100,Identical,{-33.7163366: 151.052852},ChIJ86yT_y2nEmsR5PSE7UbH5Mw,TBD,"{'address_line_1': '5 Hawkesworth Pl,', 'address_line_2': 'Cherrybrook NSW 2126, Australia'}","{'street': ' 5  Hawkesworth Place', 'suburb': 'Cherrybrook', 'city': 'Hornsby Shire', 'state': 'New South Wales', 'country': 'Australia', 'post_code': '2126'}","{'street number': '5', 'street': 'Hawkesworth Place', 'suburb': 'Cherrybrook', 'state': 'New South Wales', 'country': 'Australia', 'post_code': '2126'}","{'line1': '5', 'line2': 'Hawkesworth Place', 'suburb': 'Cherrybrook', 'state': 'New South Wales', 'country': 'Australia', 'post_code': '2126'}",['ID'],['id'],26945cd4-0ee3-4786-92f6-533d2ccd313d,myserver.address.sample,pas,data/address_sample_mockup.csv,metadata/address_sample_mockup.json,False,googlemaps,None
CID5094717,Greenhills  Caravan Park MURWILLUMBAH NSW 2484 AUSTRALIA,Valid,"Greenhill Caravan Park, 488 Tweed Valley Way, South Murwillumbah NSW 2484, Australia",True,79,"Similar, with some differences",{-28.3437863: 153.4015775},ChIJNR5LDBjwkGsRd-jwW5DvHSY,TBD,Invalid PAS CLIENT address: length [84] of single line is bigger than 50,"{'street': ' 488  Tweed Valley Way', 'suburb': 'South Murwillumbah', 'city': 'Tweed Shire Council', 'state': 'New South Wales', 'country': 'Australia', 'post_code': '2484'}","{'street number': '488', 'street': 'Tweed Valley Way', 'suburb': 'South Murwillumbah', 'state': 'New South Wales', 'country': 'Australia', 'post_code': '2484'}","{'line1': '488', 'line2': 'Tweed Valley Way', 'suburb': 'South Murwillumbah', 'state': 'New South Wales', 'country': 'Australia', 'post_code': '2484'}",['ID'],['id'],383c6b9f-d328-4b81-b0f3-4f17d64b5439,myserver.address.sample,pas,data/address_sample_mockup.csv,metadata/address_sample_mockup.json,False,googlemaps,None
CID3338515,2 Menzies Ct TROTT PARK SA 5158 AUSTRALIA,Valid,"2 Menzies Ct, Trott Park SA 5158, Australia",True,100,Identical,{-35.0793088: 138.5385369},ChIJsZh1AUrYsGoRJ9_o4aYbdk0,TBD,"{'address_line_1': '2 Menzies Ct, Trott Park ', 'address_line_2': 'SA 51'}","{'street': ' 2  Menzies Court', 'suburb': 'Trott Park', 'city': 'City of Marion', 'state': 'South Australia', 'country': 'Australia', 'post_code': '5158'}","{'street number': '2', 'street': 'Menzies Court', 'suburb': 'Trott Park', 'state': 'South Australia', 'country': 'Australia', 'post_code': '5158'}","{'line1': '2', 'line2': 'Menzies Court', 'suburb': 'Trott Park', 'state': 'South Australia', 'country': 'Australia', 'post_code': '5158'}",['ID'],['id'],3c0c4de7-6327-4a07-9f8c-8b0f85281c4c,myserver.address.sample,pas,data/address_sample_mockup.csv,metadata/address_sample_mockup.json,False,googlemaps,None
CID1846960,U 1 30 Brittain Cres HILLSDALE NSW 2036 AUSTRALIA,Invalid,"Unit 1/30 Brittain Cres, Hillsdale NSW 2036, Australia",True,95,Identical,{-33.9535007: 151.22794},ChIJdz-ZzWCxEmsRbwqUVBxzFQk,TBD,Invalid PAS CLIENT address: length [54] of single line is bigger than 50,"{'street': 'Unit 1 30  Brittain Crescent', 'suburb': 'Hillsdale', 'city': 'Bayside Council', 'state': 'New South Wales', 'country': 'Australia', 'post_code': '2036'}","{'street number': '30', 'street': 'Brittain Crescent', 'suburb': 'Hillsdale', 'state': 'New South Wales', 'country': 'Australia', 'post_code': '2036'}","{'line1': '30', 'line2': 'Brittain Crescent', 'suburb': 'Hillsdale', 'state': 'New South Wales', 'country': 'Australia', 'post_code': '2036'}",['ID'],['id'],481f6b64-0794-40de-ae68-1add58007daa,myserver.address.sample,pas,data/address_sample_mockup.csv,metadata/address_sample_mockup.json,False,googlemaps,None
CID6272480,1 Patrick Vsta PARMELIA WA 6167 AUSTRALIA,Valid,"1 Patrick Vista, Parmelia WA 6167, Australia",True,99,Identical,{-32.2533424: 115.8189255},ChIJNcXhUc6aMioR0ixQidTpZ18,TBD,"{'address_line_1': '1 Patrick Vista, Parmelia', 'address_line_2': 'WA 6167, Australia'}","{'street': ' 1  Patrick Vista', 'suburb': 'Parmelia', 'city': 'City of Kwinana', 'state': 'Western Australia', 'country': 'Australia', 'post_code': '6167'}","{'street number': '1', 'street': 'Patrick Vista', 'suburb': 'Parmelia', 'state': 'Western Australia', 'country': 'Australia', 'post_code': '6167'}","{'line1': '1', 'line2': 'Patrick Vista', 'suburb': 'Parmelia', 'state': 'Western Australia', 'country': 'Australia', 'post_code': '6167'}",['ID'],['id'],e328c0e1-ceb2-424e-a203-854a085a8d3c,myserver.address.sample,pas,data/address_sample_mockup.csv,metadata/address_sample_mockup.json,False,googlemaps,None
CID5490554,98 Hawthorn Grove MILDURA VIC 3500 AUSTRALIA,Valid,"98 Hawthorn Grove, Mildura VIC 3500, Australia",True,100,Identical,{-34.1979085: 142.1545521},ChIJddf90n0Dw2oRG8TPXuxYdsE,TBD,"{'address_line_1': '98 Hawthorn Grove,', 'address_line_2': 'Mildura VIC 3500, Australia'}","{'street': ' 98  Hawthorn Grove', 'suburb': 'Mildura', 'city': 'Mildura Rural City', 'state': 'Victoria', 'country': 'Australia', 'post_code': '3500'}","{'street number': '98', 'street': 'Hawthorn Grove', 'suburb': 'Mildura', 'state': 'Victoria', 'country': 'Australia', 'post_code': '3500'}","{'line1': '98', 'line2': 'Hawthorn Grove', 'suburb': 'Mildura', 'state': 'Victoria', 'country': 'Australia', 'post_code': '3500'}",['ID'],['id'],6377eee2-6037-4bb0-98c1-949304d14b09,myserver.address.sample,pas,data/address_sample_mockup.csv,metadata/address_sample_mockup.json,False,googlemaps,None
CID8645583,11/45 Doombon EASTWOOD NSW 2122 AUSTRALIA,Invalid,"Unit 11/45 Doomben Ave, Eastwood NSW 2122, Australia",True,88,"Very similar, with only minor differences",{-33.7871929: 151.0835244},ChIJpS8CQjCkEmsRFKtCcaHTM94,TBD,Invalid PAS CLIENT address: length [52] of single line is bigger than 50,"{'street': 'Unit 11 45  Doomben Avenue', 'suburb': 'Eastwood', 'city': 'City of Ryde', 'state': 'New South Wales', 'country': 'Australia', 'post_code': '2122'}","{'street number': '45', 'street': 'Doomben Avenue', 'suburb': 'Eastwood', 'state': 'New South Wales', 'country': 'Australia', 'post_code': '2122'}","{'line1': '45', 'line2': 'Doomben Avenue', 'suburb': 'Eastwood', 'state': 'New South Wales', 'country': 'Australia', 'post_code': '2122'}",['ID'],['id'],5ccdb0dd-ff5b-4947-8619-1db519de7517,myserver.address.sample,pas,data/address_sample_mockup.csv,metadata/address_sample_mockup.json,False,googlemaps,None
CID1225367,1/87 Lawrence St ALEXANDRIA NSW 2016 AUSTRALIA,Valid,"Unit 1/87 Lawrence St, Alexandria NSW 2015, Australia",True,93,Identical,{-33.9033096: 151.1929311},ChIJD-Aqh8mxEmsRFb_XLZLW24g,TBD,Invalid PAS CLIENT address: length [53] of single line is bigger than 50,"{'street': 'Unit 1 87  Lawrence Street', 'suburb': 'Alexandria', 'city': 'City of Sydney', 'state': 'New South Wales', 'country': 'Australia', 'post_code': '2015'}","{'street number': '87', 'street': 'Lawrence Street', 'suburb': 'Alexandria', 'state': 'New South Wales', 'country': 'Australia', 'post_code': '2015'}","{'line1': '87', 'line2': 'Lawrence Street', 'suburb': 'Alexandria', 'state': 'New South Wales', 'country': 'Australia', 'post_code': '2015'}",['ID'],['id'],af69e339-5df0-4a55-843e-eb5460c34393,myserver.address.sample,pas,data/address_sample_mockup.csv,metadata/address_sample_mockup.json,False,googlemaps,None
CID8865998,585B Princess H'Way JASPERS BRUSH NSW 2535 AUSTRALIA,Invalid,"585B Princes Hwy, Jaspers Brush NSW 2535, Australia",True,97,Identical,{-34.8101533: 150.641324},ChIJRaATQcV-E2sRcSA5shCWS8E,TBD,Invalid PAS CLIENT address: length [51] of single line is bigger than 50,"{'street': ' 585B  Princes Highway', 'suburb': 'Jaspers Brush', 'city': 'City of Shoalhaven', 'state': 'New South Wales', 'country': 'Australia', 'post_code': '2535'}","{'street number': '585B', 'street': 'Princes Highway', 'suburb': 'Jaspers Brush', 'state': 'New South Wales', 'country': 'Australia', 'post_code': '2535'}","{'line1': '585B', 'line2': 'Princes Highway', 'suburb': 'Jaspers Brush', 'state': 'New South Wales', 'country': 'Australia', 'post_code': '2535'}",['ID'],['id'],94b8a3a8-acd5-4d9a-b6bc-9cd32dd22f55,myserver.address.sample,pas,data/address_sample_mockup.csv,metadata/address_sample_mockup.json,False,googlemaps,None
CID3837174,28 Finchley Crescent BALGA WA 6061 AUSTRALIA,Valid,"28 Finchley Cres, Balga WA 6061, Australia",True,95,Identical,{-31.8548011: 115.8500754},ChIJYbOg-iCuMioR0BvGQyWIVxs,TBD,"{'address_line_1': '28 Finchley Cres, Balga', 'address_line_2': 'WA 6061, Australia'}","{'street': ' 28  Finchley Crescent', 'suburb': 'Balga', 'city': 'City of Stirling', 'state': 'Western Australia', 'country': 'Australia', 'post_code': '6061'}","{'street number': '28', 'street': 'Finchley Crescent', 'suburb': 'Balga', 'state': 'Western Australia', 'country': 'Australia', 'post_code': '6061'}","{'line1': '28', 'line2': 'Finchley Crescent', 'suburb': 'Balga', 'state': 'Western Australia', 'country': 'Australia', 'post_code': '6061'}",['ID'],['id'],ba148cd0-8033-43d7-b050-6dbd1f215a6f,myserver.address.sample,pas,data/address_sample_mockup.csv,metadata/address_sample_mockup.json,False,googlemaps,None
CID5702969,U 4 177  West Coast Hwy SCARBOROUGH WA 6019 AUSTRALIA,Invalid,"U 4/177 W Coast Hwy, Scarborough WA 6019, Australia",True,94,Identical,{-31.8894955: 115.7573897},EjNVIDQvMTc3IFcgQ29hc3QgSHd5LCBTY2FyYm9yb3VnaCBXQSA2MDE5LCBBdXN0cmFsaWEiHxodChYKFAoSCfW5lzIrqTIqEQO987WZlqtVEgNVIDQ,TBD,Invalid PAS CLIENT address: length [51] of single line is bigger than 50,"{'street': 'U 4 177  West Coast Highway', 'suburb': 'Scarborough', 'city': 'City of Stirling', 'state': 'Western Australia', 'country': 'Australia', 'post_code': '6019'}","{'street number': '177', 'street': 'West Coast Highway', 'suburb': 'Scarborough', 'state': 'Western Australia', 'country': 'Australia', 'post_code': '6019'}","{'line1': '177', 'line2': 'West Coast Highway', 'suburb': 'Scarborough', 'state': 'Western Australia', 'country': 'Australia', 'post_code': '6019'}",['ID'],['id'],904ba34e-c3b7-4552-a5c6-95b29d267aa4,myserver.address.sample,pas,data/address_sample_mockup.csv,metadata/address_sample_mockup.json,False,googlemaps,None
CID3574916,15 Francis Rd ROOTY HILL NSW 2766 AUSTRALIA,Valid,"15 Francis Rd, Rooty Hill NSW 2766, Australia",True,100,Identical,{-33.7745253: 150.838608},ChIJSWUtWxWaEmsR0ZGD44zUS2s,TBD,"{'address_line_1': '15 Francis Rd, Rooty Hill', 'address_line_2': 'NSW 2766, Australia'}","{'street': ' 15  Francis Road', 'suburb': 'Rooty Hill', 'city': 'City of Blacktown', 'state': 'New South Wales', 'country': 'Australia', 'post_code': '2766'}","{'street number': '15', 'street': 'Francis Road', 'suburb': 'Rooty Hill', 'state': 'New South Wales', 'country': 'Australia', 'post_code': '2766'}","{'line1': '15', 'line2': 'Francis Road', 'suburb': 'Rooty Hill', 'state': 'New South Wales', 'country': 'Australia', 'post_code': '2766'}",['ID'],['id'],7d70ebe6-52f9-4880-86db-ca2f8bf8112d,myserver.address.sample,pas,data/address_sample_mockup.csv,metadata/address_sample_mockup.json,False,googlemaps,None
CID4133671,1769 Bussell Hwy COWARAMUP WA 6284 AUSTRALIA,Valid,"1769 Bussell Hwy, Stratham WA 6237, Australia",True,83,"Very similar, with only minor differences",{-33.483879: 115.5856593},Ei0xNzY5IEJ1c3NlbGwgSHd5LCBTdHJhdGhhbSBXQSA2MjM3LCBBdXN0cmFsaWEiMRIvChQKEgmbcSLSXB8uKhHYCnPE-ylyRhDpDSoUChIJBxbCsby2LyoRHqMY2Vj0k34,TBD,"{'address_line_1': '1769 Bussell Hwy,', 'address_line_2': 'Stratham WA 6237, Australia'}","{'street': ' 1769  Bussell Highway', 'suburb': 'Stratham', 'city': 'Shire of Capel', 'state': 'Western Australia', 'country': 'Australia', 'post_code': '6237'}","{'street number': '1769', 'street': 'Bussell Highway', 'suburb': 'Stratham', 'state': 'Western Australia', 'country': 'Australia', 'post_code': '6237'}","{'line1': '1769', 'line2': 'Bussell Highway', 'suburb': 'Stratham', 'state': 'Western Australia', 'country': 'Australia', 'post_code': '6237'}",['ID'],['id'],795c85e5-08b6-40d5-9aef-1a0a3bc02f08,myserver.address.sample,pas,data/address_sample_mockup.csv,metadata/address_sample_mockup.json,False,googlemaps,None
CID5848996,19 Bumbera St PRESTONS NSW 2170 AUSTRALIA,Valid,"19 Bumbera St, Prestons NSW 2170, Australia",True,100,Identical,{-33.9480712: 150.8545132},ChIJBehu21uTEmsR6FN4Pj7M4yM,TBD,"{'address_line_1': '19 Bumbera St, Prestons', 'address_line_2': 'NSW 2170, Australia'}","{'street': ' 19  Bumbera Street', 'suburb': 'Prestons', 'city': 'City of Liverpool', 'state': 'New South Wales', 'country': 'Australia', 'post_code': '2170'}","{'street number': '19', 'street': 'Bumbera Street', 'suburb': 'Prestons', 'state': 'New South Wales', 'country': 'Australia', 'post_code': '2170'}","{'line1': '19', 'line2': 'Bumbera Street', 'suburb': 'Prestons', 'state': 'New South Wales', 'country': 'Australia', 'post_code': '2170'}",['ID'],['id'],20aee039-d1d0-44f9-ba91-4d345a9f157d,myserver.address.sample,pas,data/address_sample_mockup.csv,metadata/address_sample_mockup.json,False,googlemaps,None
CID4529376,1482 Shute  Harbour  Road CANNON VALLEY QLD 4800 AUSTRALIA,Valid,"1482 Shute Harbour Rd, Cannon Valley QLD 4800, Australia",True,96,Identical,{-20.3118332: 148.6578322},ChIJubBWSJ3L2WsRONyDVjkt4-8,TBD,Invalid PAS CLIENT address: length [56] of single line is bigger than 50,"{'street': ' 1482  Shute Harbour Road', 'suburb': 'Cannon Valley', 'city': 'Whitsunday Regional', 'state': 'Queensland', 'country': 'Australia', 'post_code': '4800'}","{'street number': '1482', 'street': 'Shute Harbour Road', 'suburb': 'Cannon Valley', 'state': 'Queensland', 'country': 'Australia', 'post_code': '4800'}","{'line1': '1482', 'line2': 'Shute Harbour Road', 'suburb': 'Cannon Valley', 'state': 'Queensland', 'country': 'Australia', 'post_code': '4800'}",['ID'],['id'],f3dc8ee3-a83e-42dd-ae32-68fb34002eb7,myserver.address.sample,pas,data/address_sample_mockup.csv,metadata/address_sample_mockup.json,False,googlemaps,None
CID6108781,U 158 392 Jones St ULTIMO NSW 2007 AUSTRALIA,Invalid,"Unit 158/392 Jones St, Ultimo NSW 2007, Australia",True,95,Identical,{-33.8771358: 151.1962891},ChIJZTOhty-uEmsR2tNJPyr2vPY,TBD,"{'address_line_1': 'Unit 158/392 Jones St,', 'address_line_2': 'Ultimo NSW 2007, Australia'}","{'street': 'Unit 158 392  Jones Street', 'suburb': 'Ultimo', 'city': 'City of Sydney', 'state': 'New South Wales', 'country': 'Australia', 'post_code': '2007'}","{'street number': '392', 'street': 'Jones Street', 'suburb': 'Ultimo', 'state': 'New South Wales', 'country': 'Australia', 'post_code': '2007'}","{'line1': '392', 'line2': 'Jones Street', 'suburb': 'Ultimo', 'state': 'New South Wales', 'country': 'Australia', 'post_code': '2007'}",['ID'],['id'],a9c040db-b564-4a6f-9106-5134780ba035,myserver.address.sample,pas,data/address_sample_mockup.csv,metadata/address_sample_mockup.json,False,googlemaps,None
CID2902791,26 Banksia St MOOROOBOOL QLD 4870 AUSTRALIA,Valid,"26 Banksia St, Mooroobool QLD 4870, Australia",True,100,Identical,{-16.9376658: 145.7360903},ChIJnT_KtgxkeGkRlCz94PmZnjA,TBD,"{'address_line_1': '26 Banksia St, Mooroobool', 'address_line_2': 'QLD 4870, Australia'}","{'street': ' 26  Banksia Street', 'suburb': 'Mooroobool', 'city': 'Cairns Regional', 'state': 'Queensland', 'country': 'Australia', 'post_code': '4870'}","{'street number': '26', 'street': 'Banksia Street', 'suburb': 'Mooroobool', 'state': 'Queensland', 'country': 'Australia', 'post_code': '4870'}","{'line1': '26', 'line2': 'Banksia Street', 'suburb': 'Mooroobool', 'state': 'Queensland', 'country': 'Australia', 'post_code': '4870'}",['ID'],['id'],4b22cf34-b964-4147-9e24-99bb91f1896c,myserver.address.sample,pas,data/address_sample_mockup.csv,metadata/address_sample_mockup.json,False,googlemaps,None
CID6349773,U 1 220-222 Wilsons Rd WHITTINGTON VIC 3219 AUSTRALIA,Invalid,"Unit 1/220-222 Wilsons Rd, Whittington VIC 3219, Australia",True,95,Identical,{-38.1785743: 144.3897},ChIJN0dLpUwU1GoRXTWJI6RS648,TBD,Invalid PAS CLIENT address: length [58] of single line is bigger than 50,"{'street': 'Unit 1 220-222  Wilsons Road', 'suburb': 'Whittington', 'city': 'Greater Geelong City', 'state': 'Victoria', 'country': 'Australia', 'post_code': '3219'}","{'street number': '220-222', 'street': 'Wilsons Road', 'suburb': 'Whittington', 'state': 'Victoria', 'country': 'Australia', 'post_code': '3219'}","{'line1': '220-222', 'line2': 'Wilsons Road', 'suburb': 'Whittington', 'state': 'Victoria', 'country': 'Australia', 'post_code': '3219'}",['ID'],['id'],7602bb11-5e6f-4d2d-ab2c-0a19b3548333,myserver.address.sample,pas,data/address_sample_mockup.csv,metadata/address_sample_mockup.json,False,googlemaps,None
CID7513988,C1-20 Hanbury St KALGOORLIE WA 6430 AUSTRALIA,Valid,"c1/20 Hanbury St, Kalgoorlie WA 6430, Australia",True,98,Identical,{-30.7493758: 121.4783721},Ei9jMS8yMCBIYW5idXJ5IFN0LCBLYWxnb29ybGllIFdBIDY0MzAsIEF1c3RyYWxpYSI4GjYKMBIuChQKEgk5j8W3sWdNKhG8H8jb1yx4ZxAUKhQKEgm31yVusWdNKhHzeZxoRbxiVxICYzE,TBD,"{'address_line_1': 'c1/20 Hanbury St,', 'address_line_2': 'Kalgoorlie WA 6430, Australia'}","{'street': 'c1 20  Hanbury Street', 'suburb': 'Kalgoorlie', 'city': 'City of Kalgoorlie-Boulder', 'state': 'Western Australia', 'country': 'Australia', 'post_code': '6430'}","{'street number': '20', 'street': 'Hanbury Street', 'suburb': 'Kalgoorlie', 'state': 'Western Australia', 'country': 'Australia', 'post_code': '6430'}","{'line1': '20', 'line2': 'Hanbury Street', 'suburb': 'Kalgoorlie', 'state': 'Western Australia', 'country': 'Australia', 'post_code': '6430'}",['ID'],['id'],74abbecf-7c93-422e-af75-e234d473e5cc,myserver.address.sample,pas,data/address_sample_mockup.csv,metadata/address_sample_mockup.json,False,googlemaps,None
CID6399621,252 Marine Tce BUSSELTON WA 6280 AUSTRALIA,Valid,"252 Marine Terrace, Geographe WA 6280, Australia",True,80,"Very similar, with only minor differences",{-33.6404664: 115.3682726},ChIJBxxmH105LioRhtSFUUrAtzk,TBD,"{'address_line_1': '252 Marine Terrace,', 'address_line_2': 'Geographe WA 6280, Australia'}","{'street': ' 252  Marine Terrace', 'suburb': 'Geographe', 'city': 'City of Busselton', 'state': 'Western Australia', 'country': 'Australia', 'post_code': '6280'}","{'street number': '252', 'street': 'Marine Terrace', 'suburb': 'Geographe', 'state': 'Western Australia', 'country': 'Australia', 'post_code': '6280'}","{'line1': '252', 'line2': 'Marine Terrace', 'suburb': 'Geographe', 'state': 'Western Australia', 'country': 'Australia', 'post_code': '6280'}",['ID'],['id'],b8b35fc1-bec6-43a4-922b-db0f84ce8538,myserver.address.sample,pas,data/address_sample_mockup.csv,metadata/address_sample_mockup.json,False,googlemaps,None
CID1597550,U 5 69 Francis St BONDI BEACH NSW 2026 AUSTRALIA,Invalid,"Unit 5/69 Francis St, Bondi Beach NSW 2026, Australia",True,95,Identical,{-33.8919829: 151.2689621},ChIJl40QhJqtEmsR5FY1r4-bQjw,TBD,Invalid PAS CLIENT address: length [53] of single line is bigger than 50,"{'street': 'Unit 5 69  Francis Street', 'suburb': 'Bondi Beach', 'city': 'Waverley Council', 'state': 'New South Wales', 'country': 'Australia', 'post_code': '2026'}","{'street number': '69', 'street': 'Francis Street', 'suburb': 'Bondi Beach', 'state': 'New South Wales', 'country': 'Australia', 'post_code': '2026'}","{'line1': '69', 'line2': 'Francis Street', 'suburb': 'Bondi Beach', 'state': 'New South Wales', 'country': 'Australia', 'post_code': '2026'}",['ID'],['id'],ae797a7f-2e81-413f-8df3-3bce64f3baa1,myserver.address.sample,pas,data/address_sample_mockup.csv,metadata/address_sample_mockup.json,False,googlemaps,None
CID7366579,43A Pallas Way SAN REMO WA 6210 AUSTRALIA,Valid,"43A Pallas Way, San Remo WA 6210, Australia",True,100,Identical,{-32.4856298: 115.7468342},ChIJG8lQIX1-MioRvVFyj7YynlU,TBD,"{'address_line_1': '43A Pallas Way, San Remo ', 'address_line_2': 'WA 62'}","{'street': ' 43A  Pallas Way', 'suburb': 'San Remo', 'city': 'City of Mandurah', 'state': 'Western Australia', 'country': 'Australia', 'post_code': '6210'}","{'street number': '43A', 'street': 'Pallas Way', 'suburb': 'San Remo', 'state': 'Western Australia', 'country': 'Australia', 'post_code': '6210'}","{'line1': '43A', 'line2': 'Pallas Way', 'suburb': 'San Remo', 'state': 'Western Australia', 'country': 'Australia', 'post_code': '6210'}",['ID'],['id'],06d087ad-5dd8-4470-b1c4-2f083f83dc89,myserver.address.sample,pas,data/address_sample_mockup.csv,metadata/address_sample_mockup.json,False,googlemaps,None
CID6735211,711 Lowe Rd ROCHESTER VIC 3561 AUSTRALIA,Valid,"711 Lowe Rd, Ballendella VIC 3561, Australia",True,80,"Very similar, with only minor differences",{-36.3067695: 144.6436016},ChIJy4nzRyOv2WoRNtg7zOcP_fM,TBD,"{'address_line_1': '711 Lowe Rd, Ballendella ', 'address_line_2': 'VIC 3'}","{'street': ' 711  Lowe Road', 'suburb': 'Ballendella', 'city': 'Campaspe Shire', 'state': 'Victoria', 'country': 'Australia', 'post_code': '3561'}","{'street number': '711', 'street': 'Lowe Road', 'suburb': 'Ballendella', 'state': 'Victoria', 'country': 'Australia', 'post_code': '3561'}","{'line1': '711', 'line2': 'Lowe Road', 'suburb': 'Ballendella', 'state': 'Victoria', 'country': 'Australia', 'post_code': '3561'}",['ID'],['id'],31e2e35d-f635-4464-aeef-f78d4497e15d,myserver.address.sample,pas,data/address_sample_mockup.csv,metadata/address_sample_mockup.json,False,googlemaps,None
CID4459853,44b Etrema Loop South Hedland WA 6722 AUSTRALIA,Valid,"44B Etrema Loop, South Hedland WA 6722, Australia",True,100,Identical,{-20.40063: 118.61713},ChIJVXwImVFK9SsRKZLhjZtrn0E,TBD,"{'address_line_1': '44B Etrema Loop, South', 'address_line_2': 'Hedland WA 6722, Australia'}","{'street': ' 44B  Etrema Loop', 'suburb': 'South Hedland', 'city': 'Town of Port Hedland', 'state': 'Western Australia', 'country': 'Australia', 'post_code': '6722'}","{'street number': '44B', 'street': 'Etrema Loop', 'suburb': 'South Hedland', 'state': 'Western Australia', 'country': 'Australia', 'post_code': '6722'}","{'line1': '44B', 'line2': 'Etrema Loop', 'suburb': 'South Hedland', 'state': 'Western Australia', 'country': 'Australia', 'post_code': '6722'}",['ID'],['id'],3f3f0acf-1df1-45d1-9b5b-98e679e6ba1f,myserver.address.sample,pas,data/address_sample_mockup.csv,metadata/address_sample_mockup.json,False,googlemaps,None
CID2052100,105 Popondetta  Rd EMERTON NSW 2770 AUSTRALIA,Valid,"105 Popondetta Rd, Emerton NSW 2770, Australia",True,99,Identical,{-33.7461227: 150.8103567},ChIJJ3Zf3wGbEmsRUjJWSvjBvbI,TBD,"{'address_line_1': '105 Popondetta Rd,', 'address_line_2': 'Emerton NSW 2770, Australia'}","{'street': ' 105  Popondetta Road', 'suburb': 'Emerton', 'city': 'City of Blacktown', 'state': 'New South Wales', 'country': 'Australia', 'post_code': '2770'}","{'street number': '105', 'street': 'Popondetta Road', 'suburb': 'Emerton', 'state': 'New South Wales', 'country': 'Australia', 'post_code': '2770'}","{'line1': '105', 'line2': 'Popondetta Road', 'suburb': 'Emerton', 'state': 'New South Wales', 'country': 'Australia', 'post_code': '2770'}",['ID'],['id'],15feaba7-0692-4fb9-bd22-847e21e3cf49,myserver.address.sample,pas,data/address_sample_mockup.csv,metadata/address_sample_mockup.json,False,googlemaps,None
CID3916935,50 Main Rd MCLAREN FLAT SA 5171 AUSTRALIA,Valid,"50 Main Rd, McLaren Flat SA 5171, Australia",True,100,Identical,{-35.2069646: 138.5874964},ChIJ5_mz9DIvsWoRDspvgcaG32U,TBD,"{'address_line_1': '50 Main Rd, McLaren Flat ', 'address_line_2': 'SA 51'}","{'street': ' 50  Main Road', 'suburb': 'McLaren Flat', 'city': 'City of Onkaparinga', 'state': 'South Australia', 'country': 'Australia', 'post_code': '5171'}","{'street number': '50', 'street': 'Main Road', 'suburb': 'McLaren Flat', 'state': 'South Australia', 'country': 'Australia', 'post_code': '5171'}","{'line1': '50', 'line2': 'Main Road', 'suburb': 'McLaren Flat', 'state': 'South Australia', 'country': 'Australia', 'post_code': '5171'}",['ID'],['id'],e8add503-4da0-4bdb-be3d-73afceb386b7,myserver.address.sample,pas,data/address_sample_mockup.csv,metadata/address_sample_mockup.json,False,googlemaps,None
CID8715806,4 Mount View Rd MILLFIELD NSW 2325 AUSTRALIA,Valid,"4 Mount View Rd, Millfield NSW 2325, Australia",True,100,Identical,{-32.8884667: 151.2556251},ChIJDamGtsDNDGsRwIaX95uoUSo,TBD,"{'address_line_1': '4 Mount View Rd,', 'address_line_2': 'Millfield NSW 2325, Australia'}","{'street': ' 4  Mount View Road', 'suburb': 'Millfield', 'city': 'Cessnock City Council', 'state': 'New South Wales', 'country': 'Australia', 'post_code': '2325'}","{'street number': '4', 'street': 'Mount View Road', 'suburb': 'Millfield', 'state': 'New South Wales', 'country': 'Australia', 'post_code': '2325'}","{'line1': '4', 'line2': 'Mount View Road', 'suburb': 'Millfield', 'state': 'New South Wales', 'country': 'Australia', 'post_code': '2325'}",['ID'],['id'],7b95ca77-fda0-402d-8c12-d44ac69fad13,myserver.address.sample,pas,data/address_sample_mockup.csv,metadata/address_sample_mockup.json,False,googlemaps,None
CID7698328,U 8 325 Pacific Hwy FREDERICKTON NSW 2440 AUSTRALIA,Invalid,"U 8/325 Pacific Hwy, Kempsey NSW 2440, Australia",True,82,"Very similar, with only minor differences",{-31.060477: 152.8481977},EjBVIDgvMzI1IFBhY2lmaWMgSHd5LCBLZW1wc2V5IE5TVyAyNDQwLCBBdXN0cmFsaWEiHxodChYKFAoSCbfpV-ls351rEeujuq-z4BN7EgNVIDg,TBD,"{'address_line_1': 'U 8/325 Pacific Hwy,', 'address_line_2': 'Kempsey NSW 2440, Australia'}","{'street': 'U 8 325  Pacific Highway', 'suburb': 'Kempsey', 'city': 'Kempsey Shire Council', 'state': 'New South Wales', 'country': 'Australia', 'post_code': '2440'}","{'street number': '325', 'street': 'Pacific Highway', 'suburb': 'Kempsey', 'state': 'New South Wales', 'country': 'Australia', 'post_code': '2440'}","{'line1': '325', 'line2': 'Pacific Highway', 'suburb': 'Kempsey', 'state': 'New South Wales', 'country': 'Australia', 'post_code': '2440'}",['ID'],['id'],ccd8ea75-a560-4216-8481-68c12b000180,myserver.address.sample,pas,data/address_sample_mockup.csv,metadata/address_sample_mockup.json,False,googlemaps,None
